user_searches_user_id,search_seq,search_datetime,search_string
13,50636,2014-04-28 20:21:54,optio
1,203,1981-11-21 22:02:12,assumenda
11,5054,1972-04-13 22:48:13,consequatur
4,923800,2007-09-11 14:19:26,laudantium
5,82475512,1981-01-01 16:48:00,laboriosam
13,24321735,1971-04-24 20:18:31,repellat
15,85717,1994-11-07 23:31:00,maiores
2,45340,1989-12-21 19:39:20,facilis
4,56003,2004-04-08 09:29:30,inventore
2,778216600,2015-10-18 18:21:09,nesciunt
5,1551910,2014-08-31 08:26:53,aliquam
11,0,1975-11-17 19:59:16,at
10,7,2000-07-17 14:19:27,hic
4,45181074,1983-05-12 23:48:23,est
3,327708,1985-11-06 17:10:05,fugiat
